cluster,n_patients,pct_patients,sbp_latest_median,sbp_latest_mean,sbp_latest_std,dbp_latest_median,dbp_latest_mean,dbp_latest_std,bmi_latest_median,bmi_latest_mean,bmi_latest_std,age_median,age_mean,age_std,encounter_count_12m_median,encounter_count_12m_mean,encounter_count_12m_std,icd3_count_median,icd3_count_mean,icd3_count_std,has_I10_pct,has_E78_pct,age_min,age_max,sbp_min,sbp_max,bmi_min,bmi_max,sex_férfi_pct,sex_nő_pct,cluster_name
0,46,10.823529411764705,144.5,141.58695652173913,15.673865136244434,88.0,89.78260869565217,10.28464452684089,29.07,30.564186046511626,6.837394112545866,60.25,58.230434782608704,13.618710488233415,6.0,6.739130434782608,4.409256841432557,6.0,6.304347826086956,3.312398025045979,95.65217391304348,13.043478260869565,21.3,79.2,106.0,165.0,20.55,48.42,69.56521739130434,30.434782608695656,Stage-2-BP | Overweight | High-Util
1,120,28.235294117647058,129.0,130.975,16.921699310737832,84.0,84.83193277310924,13.369785901288386,24.96,27.210818181818183,6.7900934492249565,40.2,41.49083333333333,18.18974221886598,2.0,2.308333333333333,1.9566556673467674,2.0,2.283333333333333,1.8928584641399122,2.5,1.6666666666666667,4.9,87.4,93.0,176.0,15.91,46.16,77.5,22.5,Elevated-BP | Normal-Wt | Low-Util
2,39,9.176470588235293,139.0,140.74358974358975,16.96081854516454,86.0,85.25641025641026,11.177321844553559,31.25,31.676410256410254,5.955836804159998,65.0,64.44871794871794,12.486642795927592,5.0,6.487179487179487,3.085379741806039,6.0,6.205128205128205,2.9305961956704767,76.92307692307693,56.41025641025641,21.8,84.0,102.0,172.0,22.03,54.65,5.128205128205128,94.87179487179486,Stage-1-BP | Obese-I | Med-Util
3,220,51.76470588235295,126.0,127.55454545454545,17.74609680598073,83.0,83.55909090909091,11.314158870662986,28.490000000000002,29.249803921568624,7.348280852584328,48.05,48.92,17.331262433367243,3.0,3.3545454545454545,2.534101170477747,3.0,3.2181818181818183,2.4860590962012346,3.1818181818181817,4.545454545454546,6.8,91.7,88.0,191.0,13.36,55.1,3.1818181818181817,96.81818181818181,Elevated-BP | Overweight | Med-Util
