Model,MAE,RMSE,MAPE (%)
Prophet,0.031045513498242583,0.03656129138965156,3.656493181362408
SARIMAX,0.03192645649766861,0.03831563624065389,3.794515409566917
XGBoost,0.04215696002209903,0.05002755388350678,5.0523344937297745
Exponential Smoothing,0.03758399552144405,0.051077592845679975,4.543063569191632
ARIMA,0.04235648188026373,0.054270116815697884,5.147892751610942
